,RMSE,MAE,R2
Gradient Boosting,1.2012017159379322,0.9250027406213619,0.9805170337090326
XGBoost,1.278299656432257,0.9717116355895996,0.977935791015625
Random Forest,1.381649273160951,1.0434236411056208,0.9742238044968664
Improved LSTM,8.469391076599749,6.944380422738882,0.021510368891539233
GRU,25.76207118073765,24.246628922682543,-8.053435368837697
